Sex,Year,age,mx,qx,lx,dx,ex
male,2020,0,0.004355,0.004346,100000.0,434.6,78.83
male,2020,1,0.000225,0.000225,99565.4,22.4,78.18
male,2020,2,0.000146,0.000146,99543.0,14.6,77.19
male,2020,3,0.000110,0.000110,99528.4,11.0,76.20
male,2020,4,0.000084,0.000084,99517.4,8.3,75.21
male,2020,5,0.000072,0.000072,99509.1,7.1,74.22
male,2020,6,0.000068,0.000068,99501.9,6.8,73.22
male,2020,7,0.000079,0.000079,99495.1,7.9,72.23
male,2020,8,0.000077,0.000077,99487.3,7.6,71.23
male,2020,9,0.000079,0.000079,99479.6,7.9,70.24
male,2020,10,0.000056,0.000056,99471.8,5.6,69.25
male,2020,11,0.000071,0.000071,99466.2,7.0,68.25
male,2020,12,0.000103,0.000103,99459.2,10.2,67.25
male,2020,13,0.000104,0.000104,99448.9,10.4,66.26
male,2020,14,0.000117,0.000117,99438.6,11.6,65.27
male,2020,15,0.000172,0.000172,99427.0,17.1,64.28
male,2020,16,0.000197,0.000197,99409.9,19.6,63.29
male,2020,17,0.000287,0.000287,99390.3,28.5,62.30
male,2020,18,0.000390,0.000390,99361.9,38.7,61.32
male,2020,19,0.000458,0.000457,99323.1,45.4,60.34
male,2020,20,0.000489,0.000489,99277.7,48.5,59.37
male,2020,21,0.000484,0.000484,99229.1,48.0,58.40
male,2020,22,0.000478,0.000477,99181.1,47.4,57.42
male,2020,23,0.000534,0.000533,99133.8,52.9,56.45
male,2020,24,0.000507,0.000506,99080.9,50.2,55.48
male,2020,25,0.000557,0.000556,99030.7,55.1,54.51
male,2020,26,0.000631,0.000631,98975.6,62.4,53.54
male,2020,27,0.000607,0.000606,98913.2,60.0,52.57
male,2020,28,0.000644,0.000644,98853.2,63.7,51.60
male,2020,29,0.000689,0.000689,98789.5,68.1,50.64
male,2020,30,0.000736,0.000736,98721.5,72.7,49.67
male,2020,31,0.000806,0.000805,98648.8,79.5,48.71
male,2020,32,0.000860,0.000859,98569.4,84.7,47.75
male,2020,33,0.000930,0.000929,98484.7,91.5,46.79
male,2020,34,0.000950,0.000950,98393.1,93.5,45.83
male,2020,35,0.001046,0.001045,98299.7,102.7,44.87
male,2020,36,0.001134,0.001133,98196.9,111.3,43.92
male,2020,37,0.001264,0.001263,98085.7,123.9,42.97
male,2020,38,0.001328,0.001327,97961.8,130.0,42.02
male,2020,39,0.001552,0.001550,97831.8,151.7,41.08
male,2020,40,0.001594,0.001593,97680.1,155.6,40.14
male,2020,41,0.001796,0.001794,97524.5,175.0,39.20
male,2020,42,0.001846,0.001845,97349.5,179.6,38.27
male,2020,43,0.001994,0.001992,97169.9,193.5,37.34
male,2020,44,0.002169,0.002167,96976.4,210.1,36.42
male,2020,45,0.002405,0.002402,96766.2,232.4,35.50
male,2020,46,0.002566,0.002563,96533.8,247.4,34.58
male,2020,47,0.002846,0.002842,96286.4,273.6,33.67
male,2020,48,0.003113,0.003108,96012.8,298.4,32.76
male,2020,49,0.003412,0.003407,95714.4,326.1,31.86
male,2020,50,0.003706,0.003699,95388.3,352.9,30.97
male,2020,51,0.003957,0.003949,95035.4,375.3,30.08
male,2020,52,0.004324,0.004315,94660.1,408.4,29.20
male,2020,53,0.004555,0.004545,94251.7,428.3,28.32
male,2020,54,0.005013,0.005001,93823.4,469.2,27.45
male,2020,55,0.005365,0.005351,93354.2,499.6,26.59
male,2020,56,0.005852,0.005835,92854.6,541.8,25.73
male,2020,57,0.006327,0.006307,92312.9,582.2,24.88
male,2020,58,0.006907,0.006883,91730.7,631.4,24.03
male,2020,59,0.007463,0.007436,91099.3,677.4,23.19
male,2020,60,0.008294,0.008259,90421.9,746.8,22.36
male,2020,61,0.009004,0.008963,89675.0,803.8,21.55
male,2020,62,0.009923,0.009874,88871.3,877.5,20.74
male,2020,63,0.010742,0.010684,87993.8,940.2,19.94
male,2020,64,0.011637,0.011569,87053.6,1007.2,19.15
male,2020,65,0.012883,0.012800,86046.4,1101.4,18.37
male,2020,66,0.014374,0.014271,84945.0,1212.3,17.60
male,2020,67,0.015463,0.015344,83732.8,1284.8,16.84
male,2020,68,0.017018,0.016875,82448.0,1391.3,16.10
male,2020,69,0.018617,0.018445,81056.7,1495.1,15.37
male,2020,70,0.020144,0.019944,79561.6,1586.7,14.65
male,2020,71,0.021914,0.021677,77974.9,1690.2,13.93
male,2020,72,0.024423,0.024128,76284.6,1840.6,13.23
male,2020,73,0.026182,0.025844,74444.0,1923.9,12.55
male,2020,74,0.028718,0.028312,72520.1,2053.2,11.87
male,2020,75,0.032147,0.031638,70466.9,2229.4,11.20
male,2020,76,0.037258,0.036577,68237.5,2495.9,10.55
male,2020,77,0.040751,0.039937,65741.6,2625.5,9.93
male,2020,78,0.045828,0.044802,63116.0,2827.7,9.32
male,2020,79,0.051813,0.050504,60288.3,3044.8,8.73
male,2020,80,0.059019,0.057328,57243.5,3281.6,8.17
male,2020,81,0.065549,0.063469,53961.9,3424.9,7.64
male,2020,82,0.073676,0.071059,50537.0,3591.1,7.12
male,2020,83,0.081655,0.078452,46945.9,3683.0,6.63
male,2020,84,0.092077,0.088024,43262.9,3808.2,6.15
male,2020,85,0.103643,0.098537,39454.7,3887.8,5.70
male,2020,86,0.117390,0.110882,35567.0,3943.7,5.27
male,2020,87,0.134088,0.125663,31623.2,3973.9,4.86
male,2020,88,0.150961,0.140366,27649.4,3881.0,4.49
male,2020,89,0.169811,0.156521,23768.3,3720.2,4.14
male,2020,90,0.191218,0.174531,20048.1,3499.0,3.81
male,2020,91,0.214628,0.193827,16549.1,3207.7,3.51
male,2020,92,0.238862,0.213378,13341.4,2846.8,3.24
male,2020,93,0.271142,0.238771,10494.7,2505.8,2.98
male,2020,94,0.299835,0.260745,7988.8,2083.0,2.76
male,2020,95,0.333007,0.285475,5905.8,1686.0,2.55
male,2020,96,0.360514,0.305454,4219.8,1289.0,2.37
male,2020,97,0.397840,0.331832,2930.9,972.6,2.20
male,2020,98,0.424024,0.349852,1958.3,685.1,2.04
male,2020,99,0.488041,0.392309,1273.2,499.5,1.86
male,2020,100,0.516777,0.410666,773.7,317.7,1.75
female,2020,0,0.003523,0.003517,100000.0,351.7,82.83
female,2020,1,0.000207,0.000207,99648.3,20.6,82.12
female,2020,2,0.000127,0.000127,99627.7,12.7,81.14
female,2020,3,0.000088,0.000088,99615.1,8.7,80.15
female,2020,4,0.000065,0.000065,99606.3,6.4,79.15
female,2020,5,0.000069,0.000069,99599.9,6.9,78.16
female,2020,6,0.000060,0.000060,99593.0,6.0,77.16
female,2020,7,0.000055,0.000055,99587.0,5.5,76.17
female,2020,8,0.000057,0.000057,99581.5,5.7,75.17
female,2020,9,0.000057,0.000057,99575.8,5.7,74.18
female,2020,10,0.000050,0.000050,99570.1,5.0,73.18
female,2020,11,0.000069,0.000069,99565.1,6.9,72.19
female,2020,12,0.000065,0.000065,99558.2,6.5,71.19
female,2020,13,0.000094,0.000094,99551.7,9.4,70.20
female,2020,14,0.000089,0.000089,99542.3,8.8,69.20
female,2020,15,0.000122,0.000122,99533.5,12.2,68.21
female,2020,16,0.000110,0.000110,99521.3,10.9,67.22
female,2020,17,0.000167,0.000167,99510.3,16.6,66.22
female,2020,18,0.000170,0.000170,99493.8,16.9,65.23
female,2020,19,0.000192,0.000192,99476.8,19.1,64.25
female,2020,20,0.000209,0.000209,99457.7,20.8,63.26
female,2020,21,0.000198,0.000198,99436.9,19.7,62.27
female,2020,22,0.000204,0.000204,99417.2,20.3,61.28
female,2020,23,0.000224,0.000224,99396.9,22.2,60.30
female,2020,24,0.000219,0.000219,99374.7,21.8,59.31
female,2020,25,0.000232,0.000232,99352.9,23.1,58.32
female,2020,26,0.000258,0.000258,99329.8,25.6,57.34
female,2020,27,0.000306,0.000306,99304.2,30.4,56.35
female,2020,28,0.000288,0.000288,99273.9,28.6,55.37
female,2020,29,0.000323,0.000323,99245.3,32.0,54.38
female,2020,30,0.000340,0.000340,99213.3,33.7,53.40
female,2020,31,0.000365,0.000365,99179.5,36.2,52.42
female,2020,32,0.000428,0.000428,99143.3,42.4,51.44
female,2020,33,0.000500,0.000500,99100.9,49.5,50.46
female,2020,34,0.000556,0.000556,99051.4,55.1,49.48
female,2020,35,0.000565,0.000565,98996.3,55.9,48.51
female,2020,36,0.000620,0.000620,98940.4,61.3,47.54
female,2020,37,0.000706,0.000706,98879.1,69.8,46.57
female,2020,38,0.000857,0.000857,98809.2,84.6,45.60
female,2020,39,0.000849,0.000849,98724.6,83.8,44.64
female,2020,40,0.000928,0.000928,98640.8,91.5,43.68
female,2020,41,0.001016,0.001015,98549.3,100.1,42.72
female,2020,42,0.001139,0.001138,98449.2,112.0,41.76
female,2020,43,0.001178,0.001177,98337.2,115.8,40.81
female,2020,44,0.001339,0.001338,98221.4,131.4,39.85
female,2020,45,0.001428,0.001427,98090.0,140.0,38.91
female,2020,46,0.001569,0.001568,97950.0,153.6,37.96
female,2020,47,0.001812,0.001810,97796.4,177.1,37.02
female,2020,48,0.001964,0.001962,97619.4,191.5,36.09
female,2020,49,0.002091,0.002089,97427.8,203.5,35.16
female,2020,50,0.002266,0.002264,97224.3,220.1,34.23
female,2020,51,0.002499,0.002496,97004.3,242.1,33.31
female,2020,52,0.002603,0.002600,96762.1,251.6,32.39
female,2020,53,0.002931,0.002926,96510.6,282.4,31.47
female,2020,54,0.003083,0.003078,96228.1,296.2,30.56
female,2020,55,0.003349,0.003343,95931.9,320.7,29.65
female,2020,56,0.003716,0.003709,95611.3,354.6,28.75
female,2020,57,0.003976,0.003968,95256.6,378.0,27.86
female,2020,58,0.004369,0.004359,94878.6,413.6,26.97
female,2020,59,0.004664,0.004653,94465.0,439.6,26.08
female,2020,60,0.005223,0.005209,94025.4,489.8,25.20
female,2020,61,0.005565,0.005550,93535.6,519.1,24.33
female,2020,62,0.006341,0.006321,93016.5,588.0,23.46
female,2020,63,0.006932,0.006908,92428.5,638.5,22.61
female,2020,64,0.007634,0.007605,91790.0,698.0,21.76
female,2020,65,0.008123,0.008090,91092.0,736.9,20.93
female,2020,66,0.009026,0.008986,90355.0,811.9,20.09
female,2020,67,0.009828,0.009779,89543.1,875.7,19.27
female,2020,68,0.010949,0.010889,88667.4,965.5,18.46
female,2020,69,0.011788,0.011719,87701.9,1027.8,17.65
female,2020,70,0.013237,0.013150,86674.1,1139.8,16.86
female,2020,71,0.014302,0.014201,85534.4,1214.7,16.08
female,2020,72,0.015632,0.015511,84319.7,1307.9,15.30
female,2020,73,0.017075,0.016931,83011.8,1405.5,14.53
female,2020,74,0.019224,0.019041,81606.4,1553.9,13.78
female,2020,75,0.021725,0.021491,80052.5,1720.4,13.03
female,2020,76,0.024920,0.024614,78332.0,1928.0,12.31
female,2020,77,0.027869,0.027486,76404.0,2100.0,11.61
female,2020,78,0.031142,0.030664,74304.0,2278.5,10.92
female,2020,79,0.035859,0.035227,72025.5,2537.3,10.25
female,2020,80,0.040790,0.039975,69488.2,2777.8,9.61
female,2020,81,0.046850,0.045778,66710.5,3053.8,8.98
female,2020,82,0.051941,0.050627,63656.6,3222.7,8.39
female,2020,83,0.058568,0.056902,60433.9,3438.8,7.81
female,2020,84,0.067043,0.064868,56995.1,3697.2,7.25
female,2020,85,0.076463,0.073648,53297.9,3925.3,6.72
female,2020,86,0.087626,0.083948,49372.7,4144.7,6.22
female,2020,87,0.099487,0.094773,45227.9,4286.4,5.74
female,2020,88,0.115000,0.108747,40941.6,4452.3,5.29
female,2020,89,0.131253,0.123170,36489.3,4494.4,4.87
female,2020,90,0.148310,0.138072,31994.9,4417.6,4.49
female,2020,91,0.169458,0.156221,27577.3,4308.2,4.13
female,2020,92,0.191379,0.174665,23269.2,4064.3,3.80
female,2020,93,0.218384,0.196886,19204.9,3781.2,3.50
female,2020,94,0.239977,0.214268,15423.7,3304.8,3.23
female,2020,95,0.268293,0.236559,12118.9,2866.8,2.98
female,2020,96,0.299162,0.260236,9252.1,2407.7,2.74
female,2020,97,0.334085,0.286266,6844.3,1959.3,2.53
female,2020,98,0.371609,0.313381,4885.0,1530.9,2.35
female,2020,99,0.398590,0.332354,3354.2,1114.8,2.19
female,2020,100,0.436803,0.358505,2239.4,802.8,2.04
male,2019,0,0.004334,0.004324,100000.0,432.4,78.99
male,2019,1,0.000221,0.000221,99567.6,22.0,78.33
male,2019,2,0.000136,0.000136,99545.6,13.5,77.35
male,2019,3,0.000102,0.000102,99532.1,10.2,76.36
male,2019,4,0.000075,0.000075,99521.9,7.5,75.37
male,2019,5,0.000072,0.000072,99514.4,7.2,74.37
male,2019,6,0.000080,0.000080,99507.2,7.9,73.38
male,2019,7,0.000071,0.000071,99499.3,7.1,72.38
male,2019,8,0.000067,0.000067,99492.2,6.7,71.39
male,2019,9,0.000066,0.000066,99485.6,6.5,70.39
male,2019,10,0.000058,0.000058,99479.0,5.7,69.40
male,2019,11,0.000065,0.000065,99473.3,6.4,68.40
male,2019,12,0.000098,0.000098,99466.9,9.8,67.41
male,2019,13,0.000111,0.000111,99457.1,11.1,66.41
male,2019,14,0.000111,0.000111,99446.0,11.0,65.42
male,2019,15,0.000166,0.000166,99435.0,16.6,64.43
male,2019,16,0.000174,0.000174,99418.4,17.3,63.44
male,2019,17,0.000278,0.000278,99401.1,27.6,62.45
male,2019,18,0.000374,0.000373,99373.5,37.1,61.47
male,2019,19,0.000435,0.000435,99336.4,43.2,60.49
male,2019,20,0.000521,0.000521,99293.2,51.7,59.52
male,2019,21,0.000482,0.000482,99241.5,47.9,58.55
male,2019,22,0.000474,0.000474,99193.6,47.0,57.57
male,2019,23,0.000504,0.000504,99146.6,50.0,56.60
male,2019,24,0.000533,0.000533,99096.6,52.8,55.63
male,2019,25,0.000572,0.000571,99043.8,56.6,54.66
male,2019,26,0.000614,0.000613,98987.2,60.7,53.69
male,2019,27,0.000623,0.000623,98926.5,61.6,52.72
male,2019,28,0.000655,0.000655,98864.8,64.7,51.75
male,2019,29,0.000695,0.000694,98800.1,68.6,50.79
male,2019,30,0.000743,0.000743,98731.5,73.4,49.82
male,2019,31,0.000775,0.000774,98658.1,76.4,48.86
male,2019,32,0.000841,0.000841,98581.7,82.9,47.90
male,2019,33,0.000925,0.000925,98498.8,91.1,46.94
male,2019,34,0.000918,0.000918,98407.7,90.3,45.98
male,2019,35,0.001032,0.001031,98317.4,101.4,45.02
male,2019,36,0.001094,0.001093,98216.0,107.3,44.07
male,2019,37,0.001270,0.001269,98108.6,124.5,43.12
male,2019,38,0.001325,0.001324,97984.1,129.7,42.17
male,2019,39,0.001464,0.001463,97854.4,143.2,41.23
male,2019,40,0.001551,0.001549,97711.2,151.4,40.28
male,2019,41,0.001691,0.001690,97559.8,164.8,39.35
male,2019,42,0.001756,0.001754,97395.0,170.8,38.41
male,2019,43,0.001938,0.001936,97224.2,188.2,37.48
male,2019,44,0.002157,0.002155,97035.9,209.1,36.55
male,2019,45,0.002339,0.002336,96826.9,226.2,35.63
male,2019,46,0.002496,0.002493,96600.7,240.8,34.71
male,2019,47,0.002769,0.002765,96359.9,266.4,33.80
male,2019,48,0.003001,0.002997,96093.5,288.0,32.89
male,2019,49,0.003327,0.003321,95805.5,318.2,31.99
male,2019,50,0.003587,0.003580,95487.3,341.9,31.09
male,2019,51,0.003855,0.003848,95145.4,366.1,30.20
male,2019,52,0.004175,0.004167,94779.3,394.9,29.32
male,2019,53,0.004439,0.004429,94384.4,418.0,28.44
male,2019,54,0.004854,0.004842,93966.4,455.0,27.56
male,2019,55,0.005201,0.005188,93511.4,485.1,26.69
male,2019,56,0.005783,0.005767,93026.3,536.5,25.83
male,2019,57,0.006079,0.006061,92489.9,560.6,24.98
male,2019,58,0.006762,0.006739,91929.3,619.5,24.12
male,2019,59,0.007373,0.007346,91309.8,670.7,23.29
male,2019,60,0.008164,0.008131,90639.0,737.0,22.45
male,2019,61,0.008814,0.008776,89902.1,789.0,21.63
male,2019,62,0.009874,0.009825,89113.1,875.6,20.82
male,2019,63,0.010597,0.010541,88237.6,930.1,20.02
male,2019,64,0.011578,0.011512,87307.5,1005.0,19.23
male,2019,65,0.012846,0.012764,86302.4,1101.6,18.45
male,2019,66,0.014061,0.013963,85200.9,1189.6,17.68
male,2019,67,0.015253,0.015137,84011.2,1271.7,16.92
male,2019,68,0.016607,0.016470,82739.5,1362.7,16.18
male,2019,69,0.018416,0.018248,81376.8,1485.0,15.44
male,2019,70,0.019617,0.019426,79891.8,1552.0,14.72
male,2019,71,0.021464,0.021236,78339.8,1663.6,14.00
male,2019,72,0.023224,0.022957,76676.2,1760.3,13.29
male,2019,73,0.026034,0.025700,74915.9,1925.3,12.59
male,2019,74,0.028722,0.028316,72990.6,2066.8,11.91
male,2019,75,0.032732,0.032205,70923.8,2284.1,11.24
male,2019,76,0.036717,0.036055,68639.7,2474.8,10.60
male,2019,77,0.040040,0.039255,66164.9,2597.3,9.98
male,2019,78,0.046359,0.045309,63567.6,2880.2,9.37
male,2019,79,0.051898,0.050586,60687.4,3069.9,8.79
male,2019,80,0.058950,0.057262,57617.5,3299.3,8.23
male,2019,81,0.064341,0.062336,54318.2,3386.0,7.70
male,2019,82,0.072498,0.069962,50932.2,3563.3,7.18
male,2019,83,0.081088,0.077928,47368.9,3691.4,6.68
male,2019,84,0.091657,0.087641,43677.5,3827.9,6.20
male,2019,85,0.103516,0.098422,39849.6,3922.1,5.75
male,2019,86,0.116323,0.109929,35927.5,3949.5,5.32
male,2019,87,0.131665,0.123532,31978.0,3950.3,4.92
male,2019,88,0.150614,0.140066,28027.7,3925.7,4.54
male,2019,89,0.169135,0.155947,24102.0,3758.6,4.20
male,2019,90,0.186467,0.170565,20343.4,3469.9,3.88
male,2019,91,0.210580,0.190520,16873.5,3214.7,3.57
male,2019,92,0.232408,0.208212,13658.8,2843.9,3.30
male,2019,93,0.264478,0.233588,10814.8,2526.2,3.03
male,2019,94,0.294655,0.256818,8288.6,2128.7,2.80
male,2019,95,0.327860,0.281683,6159.9,1735.2,2.60
male,2019,96,0.354046,0.300798,4424.8,1331.0,2.42
male,2019,97,0.388377,0.325223,3093.8,1006.2,2.25
male,2019,98,0.417787,0.345595,2087.6,721.5,2.09
male,2019,99,0.470423,0.380844,1366.2,520.3,1.93
male,2019,100,0.499065,0.399401,845.9,337.8,1.81
female,2019,0,0.003546,0.003539,100000.0,353.9,82.94
female,2019,1,0.000203,0.000203,99646.1,20.2,82.24
female,2019,2,0.000135,0.000135,99625.8,13.4,81.25
female,2019,3,0.000092,0.000092,99612.4,9.1,80.27
female,2019,4,0.000063,0.000063,99603.3,6.3,79.27
female,2019,5,0.000063,0.000063,99597.0,6.3,78.28
female,2019,6,0.000069,0.000069,99590.7,6.9,77.28
female,2019,7,0.000055,0.000055,99583.8,5.4,76.29
female,2019,8,0.000058,0.000058,99578.4,5.7,75.29
female,2019,9,0.000050,0.000050,99572.6,5.0,74.30
female,2019,10,0.000057,0.000057,99567.6,5.6,73.30
female,2019,11,0.000066,0.000066,99562.0,6.6,72.30
female,2019,12,0.000061,0.000061,99555.4,6.0,71.31
female,2019,13,0.000094,0.000094,99549.4,9.3,70.31
female,2019,14,0.000087,0.000087,99540.1,8.7,69.32
female,2019,15,0.000107,0.000107,99531.4,10.6,68.33
female,2019,16,0.000124,0.000124,99520.8,12.4,67.33
female,2019,17,0.000151,0.000151,99508.4,15.0,66.34
female,2019,18,0.000192,0.000192,99493.4,19.1,65.35
female,2019,19,0.000188,0.000188,99474.3,18.7,64.36
female,2019,20,0.000193,0.000193,99455.6,19.2,63.38
female,2019,21,0.000194,0.000194,99436.4,19.3,62.39
female,2019,22,0.000218,0.000218,99417.1,21.7,61.40
female,2019,23,0.000215,0.000215,99395.4,21.4,60.41
female,2019,24,0.000212,0.000212,99374.0,21.1,59.43
female,2019,25,0.000225,0.000225,99352.9,22.3,58.44
female,2019,26,0.000268,0.000268,99330.6,26.7,57.45
female,2019,27,0.000290,0.000290,99303.9,28.8,56.47
female,2019,28,0.000291,0.000291,99275.1,28.9,55.48
female,2019,29,0.000306,0.000305,99246.2,30.3,54.50
female,2019,30,0.000340,0.000340,99215.9,33.7,53.52
female,2019,31,0.000366,0.000366,99182.2,36.3,52.53
female,2019,32,0.000416,0.000416,99145.9,41.2,51.55
female,2019,33,0.000471,0.000471,99104.7,46.7,50.57
female,2019,34,0.000556,0.000556,99058.0,55.1,49.60
female,2019,35,0.000545,0.000545,99002.9,53.9,48.63
female,2019,36,0.000625,0.000625,98949.0,61.8,47.65
female,2019,37,0.000720,0.000719,98887.2,71.1,46.68
female,2019,38,0.000810,0.000810,98816.0,80.0,45.71
female,2019,39,0.000805,0.000804,98736.0,79.4,44.75
female,2019,40,0.000916,0.000916,98656.6,90.4,43.79
female,2019,41,0.000963,0.000962,98566.2,94.8,42.83
female,2019,42,0.001075,0.001074,98471.4,105.8,41.87
female,2019,43,0.001175,0.001174,98365.6,115.5,40.91
female,2019,44,0.001306,0.001305,98250.1,128.3,39.96
female,2019,45,0.001451,0.001450,98121.8,142.2,39.01
female,2019,46,0.001570,0.001569,97979.6,153.7,38.07
female,2019,47,0.001727,0.001725,97825.8,168.8,37.13
female,2019,48,0.001911,0.001909,97657.1,186.4,36.19
female,2019,49,0.002001,0.001999,97470.6,194.9,35.26
female,2019,50,0.002223,0.002221,97275.7,216.0,34.33
female,2019,51,0.002432,0.002429,97059.7,235.8,33.40
female,2019,52,0.002530,0.002527,96824.0,244.6,32.48
female,2019,53,0.002835,0.002831,96579.3,273.5,31.56
female,2019,54,0.002982,0.002977,96305.9,286.7,30.65
female,2019,55,0.003283,0.003278,96019.1,314.7,29.74
female,2019,56,0.003632,0.003626,95704.4,347.0,28.84
female,2019,57,0.003878,0.003870,95357.4,369.0,27.94
female,2019,58,0.004227,0.004218,94988.4,400.7,27.05
female,2019,59,0.004644,0.004634,94587.7,438.3,26.16
female,2019,60,0.005223,0.005210,94149.4,490.5,25.28
female,2019,61,0.005578,0.005563,93658.9,521.0,24.41
female,2019,62,0.006402,0.006381,93137.9,594.3,23.54
female,2019,63,0.006896,0.006872,92543.6,636.0,22.69
female,2019,64,0.007479,0.007451,91907.6,684.8,21.84
female,2019,65,0.008065,0.008033,91222.8,732.8,21.00
female,2019,66,0.008809,0.008770,90490.0,793.6,20.17
female,2019,67,0.009606,0.009560,89696.3,857.5,19.34
female,2019,68,0.010746,0.010689,88838.9,949.6,18.53
female,2019,69,0.011506,0.011441,87889.3,1005.5,17.72
female,2019,70,0.013016,0.012932,86883.8,1123.6,16.92
female,2019,71,0.013964,0.013867,85760.2,1189.2,16.14
female,2019,72,0.015262,0.015147,84571.0,1281.0,15.36
female,2019,73,0.017189,0.017042,83290.0,1419.5,14.58
female,2019,74,0.019270,0.019086,81870.6,1562.6,13.83
female,2019,75,0.021713,0.021480,80308.0,1725.0,13.09
female,2019,76,0.024431,0.024136,78583.0,1896.7,12.36
female,2019,77,0.027454,0.027082,76686.3,2076.8,11.66
female,2019,78,0.031277,0.030796,74609.5,2297.6,10.97
female,2019,79,0.036013,0.035376,72311.8,2558.1,10.30
female,2019,80,0.040537,0.039732,69753.8,2771.4,9.66
female,2019,81,0.045387,0.044380,66982.3,2972.6,9.04
female,2019,82,0.051180,0.049903,64009.7,3194.3,8.44
female,2019,83,0.058125,0.056483,60815.4,3435.0,7.85
female,2019,84,0.066936,0.064768,57380.3,3716.4,7.29
female,2019,85,0.076165,0.073371,53663.9,3937.4,6.76
female,2019,86,0.087206,0.083562,49726.5,4155.2,6.26
female,2019,87,0.099321,0.094622,45571.3,4312.0,5.78
female,2019,88,0.114200,0.108031,41259.3,4457.3,5.34
female,2019,89,0.129992,0.122059,36802.0,4492.0,4.92
female,2019,90,0.146508,0.136508,32310.0,4410.6,4.54
female,2019,91,0.166520,0.153721,27899.4,4288.7,4.17
female,2019,92,0.189443,0.173051,23610.7,4085.9,3.84
female,2019,93,0.213522,0.192925,19524.8,3766.8,3.54
female,2019,94,0.235257,0.210497,15758.0,3317.0,3.27
female,2019,95,0.266378,0.235069,12441.0,2924.5,3.01
female,2019,96,0.295791,0.257681,9516.5,2452.2,2.77
female,2019,97,0.327960,0.281757,7064.3,1990.4,2.56
female,2019,98,0.370206,0.312383,5073.9,1585.0,2.37
female,2019,99,0.391705,0.327553,3488.9,1142.8,2.23
female,2019,100,0.434553,0.356988,2346.1,837.5,2.07
male,2018,0,0.004281,0.004272,100000.0,427.2,79.23
male,2018,1,0.000236,0.000236,99572.8,23.5,78.57
male,2018,2,0.000132,0.000132,99549.3,13.2,77.59
male,2018,3,0.000103,0.000103,99536.2,10.2,76.60
male,2018,4,0.000094,0.000094,99526.0,9.3,75.61
male,2018,5,0.000080,0.000080,99516.6,8.0,74.62
male,2018,6,0.000085,0.000085,99508.6,8.4,73.62
male,2018,7,0.000071,0.000071,99500.2,7.0,72.63
male,2018,8,0.000067,0.000067,99493.2,6.6,71.63
male,2018,9,0.000063,0.000063,99486.5,6.3,70.64
male,2018,10,0.000074,0.000074,99480.2,7.4,69.64
male,2018,11,0.000075,0.000075,99472.8,7.5,68.65
male,2018,12,0.000104,0.000104,99465.3,10.3,67.65
male,2018,13,0.000117,0.000117,99455.0,11.7,66.66
male,2018,14,0.000124,0.000124,99443.3,12.3,65.67
male,2018,15,0.000167,0.000167,99431.0,16.6,64.68
male,2018,16,0.000188,0.000188,99414.4,18.7,63.69
male,2018,17,0.000283,0.000283,99395.8,28.1,62.70
male,2018,18,0.000373,0.000373,99367.7,37.1,61.72
male,2018,19,0.000415,0.000415,99330.6,41.2,60.74
male,2018,20,0.000527,0.000527,99289.4,52.3,59.76
male,2018,21,0.000479,0.000479,99237.0,47.5,58.79
male,2018,22,0.000475,0.000475,99189.5,47.1,57.82
male,2018,23,0.000492,0.000492,99142.4,48.8,56.85
male,2018,24,0.000539,0.000539,99093.7,53.4,55.88
male,2018,25,0.000569,0.000568,99040.2,56.3,54.91
male,2018,26,0.000598,0.000598,98983.9,59.2,53.94
male,2018,27,0.000616,0.000616,98924.8,60.9,52.97
male,2018,28,0.000659,0.000658,98863.9,65.1,52.00
male,2018,29,0.000683,0.000683,98798.8,67.4,51.04
male,2018,30,0.000749,0.000749,98731.3,73.9,50.07
male,2018,31,0.000786,0.000786,98657.4,77.5,49.11
male,2018,32,0.000780,0.000779,98579.9,76.8,48.15
male,2018,33,0.000892,0.000891,98503.1,87.8,47.18
male,2018,34,0.000923,0.000922,98415.3,90.8,46.23
male,2018,35,0.000992,0.000992,98324.5,97.5,45.27
male,2018,36,0.001045,0.001044,98227.0,102.5,44.31
male,2018,37,0.001258,0.001258,98124.4,123.4,43.36
male,2018,38,0.001227,0.001226,98001.0,120.2,42.41
male,2018,39,0.001352,0.001352,97880.8,132.3,41.46
male,2018,40,0.001480,0.001479,97748.5,144.5,40.52
male,2018,41,0.001570,0.001569,97604.0,153.1,39.58
male,2018,42,0.001709,0.001708,97450.9,166.4,38.64
male,2018,43,0.001863,0.001861,97284.5,181.1,37.70
male,2018,44,0.002056,0.002054,97103.4,199.4,36.77
male,2018,45,0.002288,0.002286,96904.0,221.5,35.85
male,2018,46,0.002426,0.002423,96682.5,234.3,34.93
male,2018,47,0.002620,0.002617,96448.2,252.4,34.01
male,2018,48,0.002814,0.002810,96195.8,270.3,33.10
male,2018,49,0.003113,0.003108,95925.5,298.1,32.19
male,2018,50,0.003389,0.003384,95627.4,323.6,31.29
male,2018,51,0.003661,0.003654,95303.9,348.3,30.40
male,2018,52,0.003901,0.003894,94955.6,369.7,29.51
male,2018,53,0.004271,0.004262,94585.8,403.1,28.62
male,2018,54,0.004581,0.004570,94182.7,430.5,27.74
male,2018,55,0.004896,0.004885,93752.3,457.9,26.86
male,2018,56,0.005442,0.005427,93294.4,506.3,25.99
male,2018,57,0.005894,0.005877,92788.1,545.3,25.13
male,2018,58,0.006526,0.006505,92242.7,600.0,24.28
male,2018,59,0.007024,0.006999,91642.7,641.5,23.43
male,2018,60,0.007698,0.007669,91001.3,697.9,22.60
male,2018,61,0.008388,0.008353,90303.4,754.3,21.77
male,2018,62,0.009401,0.009357,89549.1,837.9,20.95
male,2018,63,0.010298,0.010245,88711.1,908.9,20.14
male,2018,64,0.011081,0.011020,87802.3,967.6,19.34
male,2018,65,0.012378,0.012302,86834.7,1068.2,18.55
male,2018,66,0.013664,0.013572,85766.5,1164.0,17.78
male,2018,67,0.014666,0.014559,84602.5,1231.7,17.02
male,2018,68,0.016297,0.016165,83370.7,1347.7,16.26
male,2018,69,0.017943,0.017784,82023.1,1458.7,15.52
male,2018,70,0.019164,0.018983,80564.4,1529.3,14.79
male,2018,71,0.020759,0.020545,79035.0,1623.8,14.07
male,2018,72,0.022652,0.022399,77411.2,1733.9,13.35
male,2018,73,0.025936,0.025604,75677.3,1937.7,12.65
male,2018,74,0.028631,0.028227,73739.7,2081.4,11.96
male,2018,75,0.032245,0.031733,71658.3,2273.9,11.30
male,2018,76,0.035888,0.035255,69384.3,2446.2,10.65
male,2018,77,0.040391,0.039592,66938.2,2650.2,10.02
male,2018,78,0.045647,0.044628,64288.0,2869.1,9.41
male,2018,79,0.050893,0.049630,61418.9,3048.2,8.83
male,2018,80,0.057217,0.055626,58370.7,3246.9,8.27
male,2018,81,0.063701,0.061734,55123.8,3403.0,7.72
male,2018,82,0.071314,0.068859,51720.8,3561.4,7.20
male,2018,83,0.080103,0.077018,48159.4,3709.1,6.69
male,2018,84,0.091086,0.087118,44450.2,3872.4,6.21
male,2018,85,0.102607,0.097599,40577.8,3960.4,5.76
male,2018,86,0.116946,0.110486,36617.4,4045.7,5.33
male,2018,87,0.131869,0.123712,32571.7,4029.5,4.92
male,2018,88,0.150242,0.139744,28542.2,3988.6,4.55
male,2018,89,0.171965,0.158350,24553.6,3888.1,4.21
male,2018,90,0.183793,0.168324,20665.5,3478.5,3.90
male,2018,91,0.207862,0.188292,17187.0,3236.2,3.59
male,2018,92,0.230099,0.206358,13950.8,2878.9,3.31
male,2018,93,0.262575,0.232103,11072.0,2569.8,3.04
male,2018,94,0.291617,0.254508,8502.1,2163.9,2.81
male,2018,95,0.324620,0.279288,6338.3,1770.2,2.60
male,2018,96,0.356472,0.302547,4568.1,1382.1,2.41
male,2018,97,0.386455,0.323874,3186.0,1031.9,2.24
male,2018,98,0.417848,0.345636,2154.1,744.6,2.07
male,2018,99,0.473684,0.382979,1409.6,539.8,1.91
male,2018,100,0.512934,0.408235,869.8,355.1,1.78
female,2018,0,0.003529,0.003523,100000.0,352.3,83.06
female,2018,1,0.000215,0.000215,99647.7,21.4,82.35
female,2018,2,0.000117,0.000117,99626.3,11.6,81.37
female,2018,3,0.000096,0.000096,99614.7,9.6,80.38
female,2018,4,0.000063,0.000063,99605.1,6.3,79.39
female,2018,5,0.000082,0.000082,99598.8,8.2,78.39
female,2018,6,0.000073,0.000073,99590.6,7.2,77.40
female,2018,7,0.000053,0.000053,99583.3,5.2,76.41
female,2018,8,0.000054,0.000054,99578.1,5.4,75.41
female,2018,9,0.000057,0.000057,99572.6,5.7,74.41
female,2018,10,0.000066,0.000066,99567.0,6.6,73.42
female,2018,11,0.000057,0.000057,99560.4,5.6,72.42
female,2018,12,0.000055,0.000055,99554.8,5.4,71.43
female,2018,13,0.000089,0.000089,99549.3,8.8,70.43
female,2018,14,0.000094,0.000094,99540.5,9.4,69.44
female,2018,15,0.000101,0.000101,99531.1,10.1,68.44
female,2018,16,0.000127,0.000127,99521.0,12.7,67.45
female,2018,17,0.000155,0.000155,99508.4,15.4,66.46
female,2018,18,0.000202,0.000202,99492.9,20.1,65.47
female,2018,19,0.000197,0.000197,99472.8,19.6,64.48
female,2018,20,0.000172,0.000172,99453.2,17.1,63.50
female,2018,21,0.000189,0.000189,99436.1,18.8,62.51
female,2018,22,0.000224,0.000224,99417.3,22.3,61.52
female,2018,23,0.000190,0.000190,99395.0,18.9,60.53
female,2018,24,0.000209,0.000209,99376.1,20.8,59.54
female,2018,25,0.000244,0.000244,99355.3,24.2,58.56
female,2018,26,0.000246,0.000246,99331.1,24.5,57.57
female,2018,27,0.000281,0.000281,99306.6,27.9,56.58
female,2018,28,0.000288,0.000288,99278.7,28.6,55.60
female,2018,29,0.000304,0.000304,99250.1,30.2,54.62
female,2018,30,0.000355,0.000355,99219.9,35.2,53.63
female,2018,31,0.000348,0.000348,99184.7,34.5,52.65
female,2018,32,0.000416,0.000416,99150.2,41.2,51.67
female,2018,33,0.000451,0.000451,99109.0,44.7,50.69
female,2018,34,0.000528,0.000528,99064.3,52.3,49.71
female,2018,35,0.000541,0.000541,99012.0,53.6,48.74
female,2018,36,0.000609,0.000609,98958.4,60.3,47.77
female,2018,37,0.000708,0.000707,98898.2,70.0,46.79
female,2018,38,0.000739,0.000739,98828.2,73.0,45.83
female,2018,39,0.000770,0.000770,98755.2,76.1,44.86
female,2018,40,0.000827,0.000827,98679.1,81.6,43.89
female,2018,41,0.000921,0.000920,98597.5,90.7,42.93
female,2018,42,0.001036,0.001035,98506.8,102.0,41.97
female,2018,43,0.001126,0.001125,98404.8,110.7,41.01
female,2018,44,0.001274,0.001273,98294.1,125.2,40.06
female,2018,45,0.001393,0.001392,98168.9,136.6,39.11
female,2018,46,0.001511,0.001510,98032.3,148.0,38.16
female,2018,47,0.001644,0.001642,97884.3,160.8,37.22
female,2018,48,0.001868,0.001866,97723.6,182.4,36.28
female,2018,49,0.001961,0.001959,97541.2,191.1,35.35
female,2018,50,0.002128,0.002126,97350.1,206.9,34.41
female,2018,51,0.002354,0.002351,97143.2,228.4,33.49
female,2018,52,0.002488,0.002485,96914.8,240.8,32.56
female,2018,53,0.002670,0.002666,96674.0,257.7,31.64
female,2018,54,0.002830,0.002826,96416.2,272.5,30.73
female,2018,55,0.003155,0.003150,96143.8,302.9,29.81
female,2018,56,0.003517,0.003511,95840.9,336.5,28.91
female,2018,57,0.003786,0.003779,95504.4,360.9,28.01
female,2018,58,0.004217,0.004209,95143.5,400.4,27.11
female,2018,59,0.004501,0.004491,94743.1,425.5,26.22
female,2018,60,0.005075,0.005062,94317.6,477.4,25.34
female,2018,61,0.005468,0.005453,93840.2,511.7,24.47
female,2018,62,0.006302,0.006283,93328.5,586.3,23.60
female,2018,63,0.006709,0.006686,92742.1,620.1,22.74
female,2018,64,0.007191,0.007165,92122.1,660.1,21.89
female,2018,65,0.007917,0.007886,91462.0,721.3,21.05
female,2018,66,0.008587,0.008551,90740.7,775.9,20.21
female,2018,67,0.009341,0.009298,89964.8,836.5,19.38
female,2018,68,0.010506,0.010451,89128.3,931.5,18.56
female,2018,69,0.011163,0.011101,88196.8,979.1,17.75
female,2018,70,0.012651,0.012571,87217.7,1096.4,16.94
female,2018,71,0.013404,0.013315,86121.3,1146.7,16.15
female,2018,72,0.015217,0.015102,84974.6,1283.3,15.36
female,2018,73,0.017057,0.016912,83691.3,1415.4,14.59
female,2018,74,0.019440,0.019253,82275.9,1584.0,13.83
female,2018,75,0.021402,0.021175,80691.9,1708.7,13.09
female,2018,76,0.024148,0.023860,78983.2,1884.5,12.37
female,2018,77,0.027776,0.027395,77098.7,2112.1,11.66
female,2018,78,0.031168,0.030690,74986.6,2301.3,10.97
female,2018,79,0.035747,0.035120,72685.2,2552.7,10.30
female,2018,80,0.039720,0.038946,70132.5,2731.4,9.66
female,2018,81,0.045114,0.044119,67401.1,2973.7,9.03
female,2018,82,0.050801,0.049542,64427.5,3191.9,8.42
female,2018,83,0.058244,0.056596,61235.6,3465.7,7.84
female,2018,84,0.066667,0.064516,57769.9,3727.1,7.28
female,2018,85,0.076256,0.073455,54042.8,3969.7,6.75
female,2018,86,0.087722,0.084036,50073.1,4207.9,6.24
female,2018,87,0.100700,0.095873,45865.2,4397.2,5.77
female,2018,88,0.114667,0.108449,41467.9,4497.2,5.33
female,2018,89,0.130661,0.122649,36970.8,4534.4,4.91
female,2018,90,0.147009,0.136943,32436.4,4441.9,4.53
female,2018,91,0.167374,0.154448,27994.4,4323.7,4.17
female,2018,92,0.189288,0.172922,23670.7,4093.2,3.84
female,2018,93,0.213224,0.192682,19577.5,3772.2,3.54
female,2018,94,0.236308,0.211338,15805.3,3340.3,3.26
female,2018,95,0.266060,0.234822,12465.0,2927.1,3.00
female,2018,96,0.296540,0.258249,9538.0,2463.2,2.77
female,2018,97,0.329977,0.283245,7074.8,2003.9,2.56
female,2018,98,0.360291,0.305294,5070.9,1548.1,2.37
female,2018,99,0.392588,0.328170,3522.8,1156.1,2.20
female,2018,100,0.435295,0.357489,2366.7,846.1,2.03
male,2017,0,0.004342,0.004333,100000.0,433.3,79.59
male,2017,1,0.000247,0.000247,99566.7,24.6,78.93
male,2017,2,0.000136,0.000136,99542.1,13.5,77.95
male,2017,3,0.000105,0.000105,99528.6,10.5,76.96
male,2017,4,0.000098,0.000098,99518.1,9.7,75.97
male,2017,5,0.000093,0.000093,99508.4,9.3,74.98
male,2017,6,0.000086,0.000086,99499.1,8.5,73.99
male,2017,7,0.000075,0.000075,99490.6,7.5,72.99
male,2017,8,0.000065,0.000065,99483.1,6.5,72.00
male,2017,9,0.000063,0.000063,99476.6,6.3,71.00
male,2017,10,0.000073,0.000073,99470.3,7.3,70.01
male,2017,11,0.000082,0.000082,99463.0,8.2,69.01
male,2017,12,0.000106,0.000106,99454.8,10.5,68.02
male,2017,13,0.000125,0.000125,99444.3,12.4,67.03
male,2017,14,0.000114,0.000114,99431.9,11.3,66.03
male,2017,15,0.000167,0.000167,99420.5,16.6,65.04
male,2017,16,0.000219,0.000219,99403.9,21.8,64.05
male,2017,17,0.000306,0.000306,99382.1,30.4,63.07
male,2017,18,0.000391,0.000390,99351.7,38.8,62.08
male,2017,19,0.000415,0.000415,99312.9,41.2,61.11
male,2017,20,0.000503,0.000503,99271.7,49.9,60.13
male,2017,21,0.000501,0.000501,99221.8,49.7,59.16
male,2017,22,0.000484,0.000484,99172.1,48.0,58.19
male,2017,23,0.000478,0.000478,99124.0,47.4,57.22
male,2017,24,0.000530,0.000529,99076.7,52.5,56.25
male,2017,25,0.000564,0.000563,99024.2,55.8,55.28
male,2017,26,0.000572,0.000572,98968.4,56.6,54.31
male,2017,27,0.000604,0.000604,98911.8,59.7,53.34
male,2017,28,0.000658,0.000658,98852.0,65.0,52.37
male,2017,29,0.000687,0.000687,98787.0,67.8,51.41
male,2017,30,0.000725,0.000724,98719.2,71.5,50.44
male,2017,31,0.000780,0.000779,98647.7,76.9,49.48
male,2017,32,0.000760,0.000760,98570.8,74.9,48.52
male,2017,33,0.000868,0.000867,98495.9,85.4,47.55
male,2017,34,0.000896,0.000896,98410.4,88.1,46.59
male,2017,35,0.000968,0.000968,98322.3,95.1,45.63
male,2017,36,0.001050,0.001049,98227.2,103.1,44.68
male,2017,37,0.001207,0.001206,98124.1,118.3,43.72
male,2017,38,0.001171,0.001170,98005.8,114.7,42.78
male,2017,39,0.001281,0.001280,97891.1,125.3,41.83
male,2017,40,0.001421,0.001420,97765.8,138.8,40.88
male,2017,41,0.001522,0.001521,97627.0,148.4,39.94
male,2017,42,0.001661,0.001659,97478.6,161.7,39.00
male,2017,43,0.001831,0.001829,97316.8,178.0,38.06
male,2017,44,0.001942,0.001940,97138.8,188.4,37.13
male,2017,45,0.002207,0.002205,96950.4,213.8,36.20
male,2017,46,0.002287,0.002285,96736.6,221.0,35.28
male,2017,47,0.002549,0.002546,96515.6,245.7,34.36
male,2017,48,0.002686,0.002682,96269.9,258.2,33.45
male,2017,49,0.003009,0.003005,96011.7,288.5,32.53
male,2017,50,0.003205,0.003199,95723.2,306.3,31.63
male,2017,51,0.003467,0.003461,95416.9,330.3,30.73
male,2017,52,0.003735,0.003728,95086.7,354.5,29.84
male,2017,53,0.004005,0.003997,94732.2,378.6,28.95
male,2017,54,0.004306,0.004296,94353.6,405.4,28.06
male,2017,55,0.004646,0.004635,93948.2,435.5,27.18
male,2017,56,0.005180,0.005166,93512.7,483.1,26.30
male,2017,57,0.005676,0.005660,93029.6,526.5,25.44
male,2017,58,0.006178,0.006159,92503.1,569.8,24.58
male,2017,59,0.006699,0.006677,91933.3,613.8,23.73
male,2017,60,0.007407,0.007379,91319.5,673.9,22.88
male,2017,61,0.008063,0.008030,90645.6,727.9,22.05
male,2017,62,0.009031,0.008990,89917.7,808.4,21.22
male,2017,63,0.009971,0.009921,89109.4,884.1,20.41
male,2017,64,0.010796,0.010738,88225.3,947.3,19.61
male,2017,65,0.011939,0.011868,87277.9,1035.8,18.82
male,2017,66,0.013066,0.012981,86242.1,1119.5,18.04
male,2017,67,0.014249,0.014148,85122.6,1204.4,17.27
male,2017,68,0.015614,0.015493,83918.2,1300.1,16.51
male,2017,69,0.017151,0.017005,82618.1,1404.9,15.76
male,2017,70,0.018122,0.017959,81213.2,1458.5,15.03
male,2017,71,0.020196,0.019994,79754.6,1594.6,14.29
male,2017,72,0.022066,0.021825,78160.0,1705.8,13.57
male,2017,73,0.025517,0.025195,76454.2,1926.3,12.87
male,2017,74,0.027780,0.027399,74527.9,2042.0,12.19
male,2017,75,0.031068,0.030593,72485.9,2217.5,11.51
male,2017,76,0.035175,0.034567,70268.3,2429.0,10.86
male,2017,77,0.038957,0.038212,67839.3,2592.3,10.23
male,2017,78,0.043922,0.042978,65247.1,2804.2,9.62
male,2017,79,0.048537,0.047387,62442.8,2959.0,9.03
male,2017,80,0.054886,0.053420,59483.9,3177.6,8.45
male,2017,81,0.061358,0.059532,56306.2,3352.0,7.90
male,2017,82,0.068144,0.065899,52954.2,3489.6,7.37
male,2017,83,0.077254,0.074381,49464.6,3679.2,6.86
male,2017,84,0.088124,0.084405,45785.4,3864.5,6.37
male,2017,85,0.098792,0.094142,41920.8,3946.5,5.91
male,2017,86,0.112713,0.106700,37974.3,4051.9,5.47
male,2017,87,0.127147,0.119547,33922.5,4055.3,5.06
male,2017,88,0.144983,0.135184,29867.2,4037.5,4.68
male,2017,89,0.164398,0.151911,25829.6,3923.8,4.34
male,2017,90,0.177043,0.162645,21905.8,3562.9,4.02
male,2017,91,0.200761,0.182447,18342.9,3346.6,3.71
male,2017,92,0.223374,0.200932,14996.3,3013.2,3.42
male,2017,93,0.248437,0.220987,11983.1,2648.1,3.16
male,2017,94,0.276947,0.243262,9335.0,2270.8,2.91
male,2017,95,0.309544,0.268057,7064.1,1893.6,2.69
male,2017,96,0.347874,0.296331,5170.5,1532.2,2.49
male,2017,97,0.368577,0.311222,3638.4,1132.3,2.33
male,2017,98,0.395726,0.330360,2506.0,827.9,2.15
male,2017,99,0.460749,0.374479,1678.1,628.4,1.97
male,2017,100,0.499323,0.399566,1049.7,419.4,1.85
female,2017,0,0.003582,0.003576,100000.0,357.6,83.28
female,2017,1,0.000217,0.000217,99642.4,21.6,82.58
female,2017,2,0.000128,0.000128,99620.8,12.8,81.60
female,2017,3,0.000102,0.000102,99608.0,10.1,80.61
female,2017,4,0.000067,0.000067,99597.9,6.7,79.61
female,2017,5,0.000089,0.000089,99591.2,8.8,78.62
female,2017,6,0.000081,0.000081,99582.4,8.1,77.63
female,2017,7,0.000062,0.000062,99574.2,6.2,76.63
female,2017,8,0.000065,0.000065,99568.0,6.5,75.64
female,2017,9,0.000057,0.000057,99561.6,5.7,74.64
female,2017,10,0.000065,0.000065,99555.9,6.5,73.65
female,2017,11,0.000063,0.000063,99549.4,6.3,72.65
female,2017,12,0.000057,0.000057,99543.2,5.7,71.66
female,2017,13,0.000080,0.000080,99537.5,7.9,70.66
female,2017,14,0.000091,0.000091,99529.5,9.1,69.67
female,2017,15,0.000097,0.000097,99520.5,9.7,68.67
female,2017,16,0.000147,0.000147,99510.8,14.6,67.68
female,2017,17,0.000159,0.000159,99496.2,15.8,66.69
female,2017,18,0.000210,0.000210,99480.4,20.9,65.70
female,2017,19,0.000190,0.000190,99459.6,18.9,64.71
female,2017,20,0.000174,0.000174,99440.7,17.3,63.73
female,2017,21,0.000194,0.000194,99423.3,19.3,62.74
female,2017,22,0.000205,0.000205,99404.0,20.4,61.75
female,2017,23,0.000188,0.000188,99383.7,18.7,60.76
female,2017,24,0.000209,0.000209,99364.9,20.8,59.77
female,2017,25,0.000238,0.000238,99344.1,23.6,58.78
female,2017,26,0.000253,0.000253,99320.5,25.1,57.80
female,2017,27,0.000263,0.000263,99295.4,26.1,56.81
female,2017,28,0.000294,0.000294,99269.2,29.2,55.83
female,2017,29,0.000290,0.000290,99240.0,28.8,54.84
female,2017,30,0.000343,0.000343,99211.2,34.0,53.86
female,2017,31,0.000353,0.000353,99177.3,35.0,52.88
female,2017,32,0.000418,0.000417,99142.3,41.4,51.90
female,2017,33,0.000435,0.000435,99100.9,43.1,50.92
female,2017,34,0.000509,0.000509,99057.8,50.4,49.94
female,2017,35,0.000541,0.000540,99007.4,53.5,48.97
female,2017,36,0.000570,0.000570,98953.9,56.4,47.99
female,2017,37,0.000730,0.000730,98897.4,72.2,47.02
female,2017,38,0.000686,0.000685,98825.2,67.7,46.05
female,2017,39,0.000752,0.000752,98757.5,74.2,45.08
female,2017,40,0.000810,0.000810,98683.3,79.9,44.12
female,2017,41,0.000897,0.000896,98603.3,88.4,43.15
female,2017,42,0.001009,0.001008,98515.0,99.3,42.19
female,2017,43,0.001078,0.001078,98415.6,106.1,41.23
female,2017,44,0.001239,0.001238,98309.6,121.7,40.28
female,2017,45,0.001341,0.001340,98187.9,131.6,39.33
female,2017,46,0.001473,0.001472,98056.3,144.4,38.38
female,2017,47,0.001595,0.001594,97911.9,156.1,37.43
female,2017,48,0.001745,0.001744,97755.8,170.4,36.49
female,2017,49,0.001872,0.001870,97585.4,182.5,35.56
female,2017,50,0.002065,0.002063,97402.9,201.0,34.62
female,2017,51,0.002256,0.002253,97201.9,219.0,33.69
female,2017,52,0.002462,0.002459,96982.9,238.5,32.77
female,2017,53,0.002579,0.002576,96744.5,249.2,31.85
female,2017,54,0.002764,0.002760,96495.3,266.3,30.93
female,2017,55,0.003079,0.003074,96229.0,295.9,30.01
female,2017,56,0.003392,0.003386,95933.1,324.8,29.10
female,2017,57,0.003682,0.003676,95608.3,351.4,28.20
female,2017,58,0.004083,0.004074,95256.9,388.1,27.30
female,2017,59,0.004412,0.004403,94868.8,417.7,26.41
female,2017,60,0.004872,0.004860,94451.1,459.0,25.53
female,2017,61,0.005331,0.005317,93992.1,499.8,24.65
female,2017,62,0.006142,0.006123,93492.3,572.5,23.78
female,2017,63,0.006533,0.006511,92919.8,605.0,22.92
female,2017,64,0.007077,0.007052,92314.8,651.0,22.07
female,2017,65,0.007774,0.007744,91663.8,709.9,21.22
female,2017,66,0.008359,0.008324,90953.9,757.1,20.38
female,2017,67,0.009141,0.009099,90196.8,820.7,19.55
female,2017,68,0.010182,0.010130,89376.1,905.4,18.73
female,2017,69,0.010979,0.010919,88470.7,966.0,17.91
female,2017,70,0.012116,0.012043,87504.8,1053.9,17.10
female,2017,71,0.013055,0.012970,86450.9,1121.3,16.31
female,2017,72,0.014984,0.014872,85329.6,1269.0,15.51
female,2017,73,0.017169,0.017023,84060.6,1431.0,14.74
female,2017,74,0.018809,0.018633,82629.6,1539.7,13.99
female,2017,75,0.021054,0.020834,81089.9,1689.4,13.24
female,2017,76,0.023778,0.023499,79400.5,1865.8,12.51
female,2017,77,0.026967,0.026609,77534.7,2063.1,11.80
female,2017,78,0.030572,0.030112,75471.6,2272.6,11.11
female,2017,79,0.034379,0.033799,73199.0,2474.0,10.44
female,2017,80,0.038598,0.037867,70725.0,2678.2,9.79
female,2017,81,0.043570,0.042641,68046.8,2901.6,9.16
female,2017,82,0.049488,0.048293,65145.2,3146.0,8.54
female,2017,83,0.057353,0.055755,61999.2,3456.7,7.95
female,2017,84,0.065170,0.063113,58542.5,3694.8,7.39
female,2017,85,0.074741,0.072048,54847.7,3951.7,6.85
female,2017,86,0.086074,0.082522,50896.0,4200.1,6.35
female,2017,87,0.097858,0.093293,46695.9,4356.4,5.87
female,2017,88,0.112977,0.106936,42339.5,4527.6,5.42
female,2017,89,0.126695,0.119147,37811.9,4505.2,5.01
female,2017,90,0.142906,0.133376,33306.7,4442.3,4.63
female,2017,91,0.162248,0.150074,28864.4,4331.8,4.26
female,2017,92,0.183450,0.168037,24532.6,4122.4,3.92
female,2017,93,0.205277,0.186169,20410.2,3799.7,3.62
female,2017,94,0.231484,0.207471,16610.5,3446.2,3.33
female,2017,95,0.260532,0.230505,13164.3,3034.4,3.07
female,2017,96,0.290875,0.253943,10129.9,2572.4,2.84
female,2017,97,0.313272,0.270848,7557.5,2046.9,2.63
female,2017,98,0.350558,0.298276,5510.5,1643.7,2.43
female,2017,99,0.379785,0.319176,3866.9,1234.2,2.24
female,2017,100,0.431571,0.354973,2632.7,934.5,2.06
male,2016,0,0.004297,0.004288,100000.0,428.8,79.48
male,2016,1,0.000261,0.000261,99571.2,26.0,78.83
male,2016,2,0.000133,0.000133,99545.2,13.2,77.85
male,2016,3,0.000122,0.000122,99532.0,12.1,76.86
male,2016,4,0.000098,0.000098,99519.9,9.7,75.87
male,2016,5,0.000098,0.000098,99510.2,9.8,74.87
male,2016,6,0.000069,0.000069,99500.4,6.8,73.88
male,2016,7,0.000080,0.000080,99493.6,7.9,72.89
male,2016,8,0.000067,0.000067,99485.6,6.7,71.89
male,2016,9,0.000073,0.000073,99479.0,7.2,70.90
male,2016,10,0.000073,0.000073,99471.8,7.2,69.90
male,2016,11,0.000087,0.000087,99464.5,8.6,68.91
male,2016,12,0.000099,0.000099,99455.9,9.8,67.91
male,2016,13,0.000105,0.000105,99446.1,10.4,66.92
male,2016,14,0.000129,0.000129,99435.7,12.9,65.93
male,2016,15,0.000176,0.000176,99422.8,17.5,64.93
male,2016,16,0.000227,0.000227,99405.3,22.6,63.95
male,2016,17,0.000308,0.000308,99382.8,30.6,62.96
male,2016,18,0.000394,0.000394,99352.1,39.2,61.98
male,2016,19,0.000410,0.000410,99313.0,40.7,61.00
male,2016,20,0.000484,0.000484,99272.3,48.1,60.03
male,2016,21,0.000490,0.000490,99224.2,48.6,59.06
male,2016,22,0.000486,0.000486,99175.7,48.2,58.09
male,2016,23,0.000490,0.000490,99127.5,48.6,57.11
male,2016,24,0.000529,0.000529,99078.9,52.4,56.14
male,2016,25,0.000567,0.000567,99026.4,56.1,55.17
male,2016,26,0.000579,0.000579,98970.3,57.3,54.20
male,2016,27,0.000591,0.000591,98913.0,58.4,53.23
male,2016,28,0.000656,0.000655,98854.6,64.8,52.26
male,2016,29,0.000673,0.000672,98789.8,66.4,51.30
male,2016,30,0.000705,0.000705,98723.4,69.6,50.33
male,2016,31,0.000778,0.000778,98653.8,76.7,49.37
male,2016,32,0.000784,0.000784,98577.1,77.3,48.41
male,2016,33,0.000864,0.000863,98499.8,85.0,47.44
male,2016,34,0.000907,0.000907,98414.8,89.3,46.48
male,2016,35,0.000964,0.000963,98325.5,94.7,45.52
male,2016,36,0.001080,0.001079,98230.8,106.0,44.57
male,2016,37,0.001137,0.001137,98124.8,111.5,43.62
male,2016,38,0.001133,0.001132,98013.3,110.9,42.67
male,2016,39,0.001266,0.001265,97902.3,123.9,41.71
male,2016,40,0.001399,0.001398,97778.5,136.7,40.77
male,2016,41,0.001553,0.001552,97641.7,151.5,39.82
male,2016,42,0.001674,0.001672,97490.2,163.0,38.88
male,2016,43,0.001930,0.001928,97327.2,187.7,37.95
male,2016,44,0.002010,0.002008,97139.5,195.0,37.02
male,2016,45,0.002141,0.002139,96944.5,207.4,36.09
male,2016,46,0.002278,0.002276,96737.1,220.2,35.17
male,2016,47,0.002564,0.002561,96516.9,247.2,34.25
male,2016,48,0.002718,0.002715,96269.7,261.3,33.33
male,2016,49,0.002978,0.002974,96008.4,285.5,32.42
male,2016,50,0.003204,0.003199,95722.9,306.2,31.52
male,2016,51,0.003406,0.003400,95416.7,324.5,30.62
male,2016,52,0.003732,0.003725,95092.2,354.2,29.72
male,2016,53,0.003960,0.003952,94738.0,374.4,28.83
male,2016,54,0.004247,0.004238,94363.6,399.9,27.94
male,2016,55,0.004731,0.004720,93963.7,443.5,27.06
male,2016,56,0.005136,0.005122,93520.2,479.1,26.19
male,2016,57,0.005688,0.005672,93041.2,527.7,25.32
male,2016,58,0.006248,0.006229,92513.4,576.3,24.46
male,2016,59,0.006770,0.006747,91937.2,620.3,23.61
male,2016,60,0.007587,0.007559,91316.9,690.2,22.77
male,2016,61,0.008293,0.008259,90626.6,748.4,21.94
male,2016,62,0.009098,0.009057,89878.2,814.1,21.12
male,2016,63,0.010207,0.010155,89064.1,904.5,20.30
male,2016,64,0.010989,0.010929,88159.7,963.5,19.51
male,2016,65,0.012047,0.011975,87196.2,1044.2,18.72
male,2016,66,0.013242,0.013155,86152.0,1133.3,17.94
male,2016,67,0.014252,0.014151,85018.7,1203.1,17.17
male,2016,68,0.015772,0.015649,83815.6,1311.6,16.41
male,2016,69,0.016956,0.016814,82503.9,1387.2,15.66
male,2016,70,0.018464,0.018295,81116.8,1484.1,14.92
male,2016,71,0.020563,0.020354,79632.7,1620.9,14.19
male,2016,72,0.022821,0.022564,78011.8,1760.3,13.47
male,2016,73,0.025720,0.025393,76251.6,1936.3,12.77
male,2016,74,0.028259,0.027866,74315.3,2070.8,12.09
male,2016,75,0.031981,0.031477,72244.5,2274.1,11.43
male,2016,76,0.035771,0.035142,69970.4,2458.9,10.78
male,2016,77,0.040150,0.039360,67511.5,2657.2,10.16
male,2016,78,0.044296,0.043336,64854.3,2810.5,9.55
male,2016,79,0.049023,0.047850,62043.7,2968.8,8.96
male,2016,80,0.055337,0.053848,59074.9,3181.0,8.39
male,2016,81,0.062144,0.060271,55893.9,3368.8,7.84
male,2016,82,0.069350,0.067026,52525.1,3520.5,7.31
male,2016,83,0.079076,0.076069,49004.6,3727.7,6.80
male,2016,84,0.089617,0.085774,45276.9,3883.6,6.31
male,2016,85,0.100581,0.095765,41393.3,3964.0,5.86
male,2016,86,0.114667,0.108449,37429.3,4059.2,5.43
male,2016,87,0.129961,0.122031,33370.1,4072.2,5.03
male,2016,88,0.146290,0.136319,29297.9,3993.8,4.65
male,2016,89,0.165395,0.152762,25304.0,3865.5,4.31
male,2016,90,0.179556,0.164764,21438.5,3532.3,4.00
male,2016,91,0.200669,0.182371,17906.2,3265.6,3.69
male,2016,92,0.226203,0.203219,14640.7,2975.3,3.40
male,2016,93,0.251612,0.223495,11665.4,2607.2,3.14
male,2016,94,0.276964,0.243275,9058.3,2203.6,2.90
male,2016,95,0.312664,0.270393,6854.6,1853.4,2.67
male,2016,96,0.345303,0.294464,5001.2,1472.7,2.47
male,2016,97,0.377633,0.317655,3528.5,1120.8,2.29
male,2016,98,0.396882,0.331165,2407.7,797.3,2.12
male,2016,99,0.467518,0.378938,1610.3,610.2,1.93
male,2016,100,0.520449,0.412981,1000.1,413.0,1.80
female,2016,0,0.003598,0.003592,100000.0,359.2,83.14
female,2016,1,0.000232,0.000232,99640.8,23.2,82.44
female,2016,2,0.000131,0.000131,99617.7,13.1,81.46
female,2016,3,0.000099,0.000099,99604.6,9.8,80.47
female,2016,4,0.000074,0.000074,99594.8,7.3,79.48
female,2016,5,0.000075,0.000074,99587.4,7.4,78.48
female,2016,6,0.000072,0.000072,99580.0,7.2,77.49
female,2016,7,0.000064,0.000064,99572.8,6.4,76.49
female,2016,8,0.000059,0.000059,99566.5,5.9,75.50
female,2016,9,0.000064,0.000064,99560.6,6.4,74.50
female,2016,10,0.000062,0.000062,99554.2,6.2,73.51
female,2016,11,0.000074,0.000074,99548.0,7.4,72.51
female,2016,12,0.000066,0.000066,99540.6,6.6,71.52
female,2016,13,0.000074,0.000074,99534.0,7.4,70.52
female,2016,14,0.000090,0.000090,99526.7,9.0,69.53
female,2016,15,0.000107,0.000107,99517.7,10.6,68.53
female,2016,16,0.000146,0.000146,99507.0,14.5,67.54
female,2016,17,0.000151,0.000151,99492.5,15.0,66.55
female,2016,18,0.000204,0.000204,99477.5,20.3,65.56
female,2016,19,0.000184,0.000184,99457.2,18.3,64.57
female,2016,20,0.000186,0.000186,99439.0,18.5,63.59
female,2016,21,0.000206,0.000206,99420.5,20.5,62.60
female,2016,22,0.000194,0.000194,99400.0,19.3,61.61
female,2016,23,0.000185,0.000185,99380.7,18.3,60.62
female,2016,24,0.000202,0.000202,99362.4,20.1,59.63
female,2016,25,0.000247,0.000247,99342.3,24.5,58.65
female,2016,26,0.000244,0.000244,99317.7,24.2,57.66
female,2016,27,0.000262,0.000262,99293.5,26.1,56.67
female,2016,28,0.000306,0.000306,99267.5,30.3,55.69
female,2016,29,0.000295,0.000295,99237.1,29.2,54.71
female,2016,30,0.000352,0.000352,99207.9,34.9,53.72
female,2016,31,0.000356,0.000356,99173.0,35.3,52.74
female,2016,32,0.000449,0.000449,99137.7,44.5,51.76
female,2016,33,0.000453,0.000453,99093.2,44.9,50.78
female,2016,34,0.000509,0.000509,99048.3,50.4,49.80
female,2016,35,0.000540,0.000540,98998.0,53.5,48.83
female,2016,36,0.000591,0.000591,98944.5,58.5,47.86
female,2016,37,0.000699,0.000699,98886.1,69.1,46.88
female,2016,38,0.000685,0.000685,98817.0,67.7,45.92
female,2016,39,0.000756,0.000756,98749.3,74.6,44.95
female,2016,40,0.000799,0.000799,98674.7,78.8,43.98
female,2016,41,0.000913,0.000912,98595.8,90.0,43.02
female,2016,42,0.000998,0.000998,98505.9,98.3,42.05
female,2016,43,0.001105,0.001105,98407.6,108.7,41.10
female,2016,44,0.001258,0.001257,98298.9,123.5,40.14
female,2016,45,0.001357,0.001356,98175.4,133.2,39.19
female,2016,46,0.001461,0.001460,98042.2,143.2,38.24
female,2016,47,0.001628,0.001627,97899.1,159.3,37.30
female,2016,48,0.001744,0.001743,97739.8,170.3,36.36
female,2016,49,0.001875,0.001873,97569.5,182.7,35.42
female,2016,50,0.002030,0.002028,97386.7,197.5,34.49
female,2016,51,0.002269,0.002266,97189.3,220.2,33.56
female,2016,52,0.002474,0.002471,96969.0,239.6,32.63
female,2016,53,0.002650,0.002647,96729.4,256.0,31.71
female,2016,54,0.002816,0.002812,96473.4,271.3,30.79
female,2016,55,0.003158,0.003153,96202.1,303.3,29.88
female,2016,56,0.003480,0.003474,95898.8,333.2,28.97
female,2016,57,0.003773,0.003766,95565.6,359.9,28.07
female,2016,58,0.004191,0.004182,95205.7,398.2,27.17
female,2016,59,0.004558,0.004548,94807.5,431.2,26.29
female,2016,60,0.004951,0.004939,94376.3,466.1,25.40
female,2016,61,0.005477,0.005463,93910.2,513.0,24.53
female,2016,62,0.006189,0.006170,93397.2,576.3,23.66
female,2016,63,0.006634,0.006612,92821.0,613.7,22.80
female,2016,64,0.007179,0.007154,92207.3,659.6,21.95
female,2016,65,0.007800,0.007770,91547.6,711.3,21.11
female,2016,66,0.008663,0.008626,90836.4,783.5,20.27
female,2016,67,0.009294,0.009251,90052.8,833.0,19.44
female,2016,68,0.010198,0.010146,89219.8,905.2,18.62
female,2016,69,0.011097,0.011036,88314.5,974.6,17.80
female,2016,70,0.012213,0.012139,87339.9,1060.2,17.00
female,2016,71,0.013499,0.013409,86279.7,1156.9,16.20
female,2016,72,0.015687,0.015565,85122.8,1324.9,15.41
female,2016,73,0.017250,0.017103,83797.9,1433.2,14.65
female,2016,74,0.018961,0.018783,82364.7,1547.1,13.89
female,2016,75,0.021740,0.021507,80817.6,1738.1,13.15
female,2016,76,0.024673,0.024373,79079.5,1927.4,12.43
female,2016,77,0.027436,0.027065,77152.1,2088.1,11.73
female,2016,78,0.030942,0.030471,75064.0,2287.2,11.04
female,2016,79,0.034268,0.033691,72776.7,2451.9,10.37
female,2016,80,0.038851,0.038110,70324.8,2680.1,9.71
female,2016,81,0.044198,0.043242,67644.7,2925.1,9.08
female,2016,82,0.050463,0.049221,64719.6,3185.6,8.47
female,2016,83,0.058640,0.056969,61534.0,3505.6,7.88
female,2016,84,0.066236,0.064113,58028.5,3720.4,7.33
female,2016,85,0.076149,0.073356,54308.1,3983.8,6.79
female,2016,86,0.087391,0.083733,50324.3,4213.8,6.29
female,2016,87,0.100180,0.095401,46110.5,4399.0,5.82
female,2016,88,0.114626,0.108412,41711.5,4522.0,5.38
female,2016,89,0.129393,0.121530,37189.5,4519.7,4.97
female,2016,90,0.144887,0.135100,32669.8,4413.7,4.59
female,2016,91,0.164667,0.152141,28256.1,4298.9,4.23
female,2016,92,0.185708,0.169929,23957.2,4071.0,3.90
female,2016,93,0.207802,0.188243,19886.2,3743.4,3.60
female,2016,94,0.231803,0.207727,16142.7,3353.3,3.32
female,2016,95,0.262712,0.232210,12789.5,2969.8,3.06
female,2016,96,0.287550,0.251404,9819.6,2468.7,2.83
female,2016,97,0.319763,0.275686,7350.9,2026.5,2.62
female,2016,98,0.349066,0.297195,5324.4,1582.4,2.42
female,2016,99,0.390590,0.326773,3742.0,1222.8,2.23
female,2016,100,0.424810,0.350386,2519.2,882.7,2.07